-- Seed data for escolas_instituicoes
WITH data (nome, endereco, rede, localizacao) AS (
  VALUES
  ('ANTERINA MIRANDA DE MORAES', 'sem dados de endereço', 'municipal', 'Urbana'),
  ('ASSOC DE PAIS E AMIGOS DOS EXCEPCIONAIS - ESCOLA ESPECIAL', 'EDUCACAO SEM FRONTEIRAS', 'privada', 'Urbana'),
  ('CAMILA LEAL CRECHE SANTA LUCIA', 'RUA MASCARENHAS DE MORAES, 2 NOVO HORIZONTE, 78705-320 Rondonópolis - MT.', 'privada', 'Urbana'),
  ('CARITAS DIOCESANA DE RONDONOPOLIS', 'RUA OTAVIO PITALUGA, 5526 VILA OPERARIA, 78720-587 Rondonópolis - MT.', 'privada', 'Urbana'),
  ('CASINHA FELIZ CENTRO DE ENSINO SC', 'RUA OTAVIO PITALUGA, 839 CENTRO, 78700-170 Rondonópolis - MT.', 'privada', 'Urbana'),
  ('CEJA PROF ALFREDO MARIEN', 'AVENIDA CUIABA, 850 CENTRO, 78700-090 Rondonópolis - MT.', 'estadual', 'Urbana'),
  ('CENTRAL DE CURSOS TECNICOS LTDA', 'sem dados de endereço', 'privada', 'Urbana'),
  ('CENTRO DE EDUCACAO INFANTIL PEDACINHO DO CEU', 'AVENIDA FREI HENRIQUE DE COIMBRA, 274 LOTEAMENTO MONTE LIBANO, 78710-302 Rondonópolis - MT.', 'privada', 'Urbana'),
  ('CENTRO DE ENSINO EDUCAR', 'sem dados de endereço', 'privada', 'Urbana'),
  ('CENTRO DE ENSINO GALILEU GALILEI', 'RUA OSVALDO DE ANDRADE, 125 JARDIM ATLANTICO, 78735-629 Rondonópolis - MT.', 'privada', 'Urbana'),
  ('CENTRO DE ENSINO JOSE SOBRINHO', 'sem dados de endereço', 'privada', 'Urbana'),
  ('CENTRO DE ENSINO TECNICO PIRAMIDES', 'sem dados de endereço', 'privada', 'Urbana'),
  ('CENTRO DE REABILITACAO LOUIS BRAILLE', 'AVENIDA DEPUTADO EMANUEL PINHEIRO, 2625 PREDIO, JARDIM DAS FLORES, 78725-300 Rondonópolis - MT.', 'privada', 'Urbana'),
  ('CENTRO ED ALTERNATIVA JOAO A COMENIO', 'sem dados de endereço', 'privada', 'Urbana'),
  ('CENTRO EDUCACIONAL ALFA', 'sem dados de endereço', 'privada', 'Urbana'),
  ('CENTRO EDUCACIONAL ALVES CRUZ', 'sem dados de endereço', 'privada', 'Urbana'),
  ('CENTRO EDUCACIONAL DEGRAUS', 'RUA PEDRO GUIMARAES, 1395 LOTEAMENTO CELLOS, 78700-370 Rondonópolis - MT.', 'privada', 'Urbana'),
  ('CENTRO EDUCACIONAL ESCADINHA DO SABER S C LTDA', 'AVENIDA JOSE PONCE DE ARRUDA, 3878 VILA SAO JOSE, 78718-096 Rondonópolis - MT.', 'privada', 'Urbana'),
  ('CENTRO EDUCACIONAL GENIO DO FUTURO', 'RUA ALARICO CANDIDO TOLENTINO DE BARROS, 620 VILA SAO JOSE, 78718-030 Rondonópolis - MT.', 'privada', 'Urbana'),
  ('CENTRO EDUCACIONAL KHALIL ZAHER', 'AVENIDA ARY COELHO, 799 CIDADE SALMEN, 78705-094 Rondonópolis - MT.', 'privada', 'Urbana'),
  ('CENTRO EDUCACIONAL PEQUENO SABIO', 'TRAVESSA LEBLON, 502 LOTEAMENTO CELLOS II, 78720-104 Rondonópolis - MT.', 'privada', 'Urbana'),
  ('CENTRO INTEGRADO DE ENSINO 1 E 2 GRAUS', 'AVENIDA JOAQUIM DE OLIVEIRA, 1334 VILA AURORA I, 78740-044 Rondonópolis - MT.', 'privada', 'Urbana'),
  ('CENTRO INTEGRADO DE ENSINO I', 'AVENIDA I ILARIO ALVES DIAS, 785 VILA AURORA I, 78740-041 Rondonópolis - MT.', 'privada', 'Urbana'),
  ('CENTRO MUNICIPAL DE EDUCACAO INFANTIL ANTONIO VANOLI', 'Rural', 'municipal', 'Rural'),
  ('RUA RIO GRANDE DO SUL, 884 - CIDADE SALMEN CEP: 78705276', 'sem dados de endereço', 'municipal', 'Urbana'),
  ('CENTRO MUNICIPAL DE EDUCACAO INFANTIL HILDEGARD E MACHNOWITZ', 'sem dados de endereço', 'municipal', 'Urbana'),
  ('RUA PADRE EZEQUIEL RAMIN, 207 - JARDIM PADRE RODOLFO LUNKENBEIN CEP: 78721788', 'sem dados de endereço', 'municipal', 'Urbana'),
  ('CENTRO POPULAR DE ACAO COMUNITARIA SAO JOSE', 'AV JOSE AGOSTINHO NETO, 875 CONJ SAO JOSE I, 78715-413 Rondonópolis - MT.', 'municipal', 'Urbana'),
  ('CETEC - CENTRO DE ENSINO SAO LUCAS', 'AVENIDA RAIMUNDO DE MATOS, 1686 CENTRO, 78700-350 Rondonópolis - MT.', 'privada', 'Urbana'),
  ('CMEI AUGUSTIN ALVES DE OLIVEIRA', 'AVENIDA PRINCIPAL, SN, SN BOA VISTA, 78700-002 Rondonópolis - MT.', 'municipal', 'Rural'),
  ('CMEI BRUNA CRISTINA DA SILVA SANTOS', 'RUA MANOEL RODRIGUES DE PAZ, 541 - RESIDENCIAL PARQUE UNIVERSITARIO CEP: 78750827', 'municipal', 'Urbana'),
  ('CMEI CELINA FIALHO BEZERRA', 'RS SN QD 18, SN JD REIS, 78719-025 Rondonópolis - MT.', 'municipal', 'Urbana'),
  ('CMEI ENEZIO MACHADO VIEIRA', 'RUA B, s/n - JARDIM BISPO PEDRO CASALDALIGA CEP: 78736002', 'municipal', 'Urbana'),
  ('CMEI IRACY PEREIRA DA CONCEICAO ARAUJO', 'RUA PERDIZES, SN JARDIM OASIS, 78750-050 Rondonópolis - MT.', 'municipal', 'Urbana'),
  ('CMEI JOANA MARIA DOS ANJOS MEIRELES', 'RS SN QD 26, SN TANCREDO NEVES, 78700-002 Rondonópolis - MT.', 'municipal', 'Urbana'),
  ('CMEI JOAO CESAR DOMINGOS DA SILVA', 'AVENIDA DEPUTADO EMANUEL PINHEIRO, 2203 - LUZ DIYARA CEP: 78714339', 'municipal', 'Urbana'),
  ('CMEI JOAO LOPES DA SILVA', 'AVENIDA SOLEDAD, SN RESIDENCIAL JOAO DE BARRO, 78700-002 Rondonópolis - MT.', 'municipal', 'Urbana'),
  ('CMEI JOSE ANTONIO DE OLIVEIRA', 'AVENIDA ADALBERTO ANTONIO DA SILVA, s/n - RESIDENCIAL MAGNOLIA I CEP: 78735605', 'municipal', 'Urbana'),
  ('CMEI LEONESE DE PINHO CARVALHO', 'sem dados de endereço', 'municipal', 'Urbana'),
  ('CMEI MAE MARGARIDA', 'R SABARA, SN VILA RICA, 78700-002 Rondonópolis - MT.', 'municipal', 'Urbana'),
  ('CMEI MAGNOLIA ANGELICA ARAUJO', 'RUA ALVARENGA PEIXOTO, s/n - JARDIM RESIDENCIAL MATIAS NEVES CEP: 78716450', 'municipal', 'Urbana'),
  ('CMEI MARIA AMELIA DE ARAUJO', 'RUA OSVALDO FERREIRA DE LIMA QUADRA 07, 437 - DOM BOSCO CEP: 78725396', 'municipal', 'Urbana'),
  ('CMEI MARIA SEVERINA DA SILVA', 'RUA CATORZE, SN RESIDENCIAL SITIO FARIAS, 78700-002 Rondonópolis - MT.', 'municipal', 'Urbana'),
  ('CMEI PROF GIOVANNI GOMES MOREIRA', 'R F, 8 ANA CARLA II, 78700-002 Rondonópolis - MT.', 'municipal', 'Urbana'),
  ('CMEI PROFESSOR GERALDO JOSE DE OLIVEIRA', 'RUA VICENTE PEREIRA DE ABREU, S/N - JARDIM BELA VISTA CEP: 78720492', 'municipal', 'Urbana'),
  ('CMEI PROFESSORA LIEGE DOS SANTOS PEREIRA', 'AVENIDA NOSSA SENHORA APARECIDA, 571 - CONJUNTO HABITACIONAL CIDADE DE DEUS II CEP: 78734182', 'municipal', 'Urbana'),
  ('CMEI WIDISNEY APARECIDO PEREIRA RODRIGUES', 'JOSE SOBRINHO, SN JOSE SOBRINHO, 78700-002 Rondonópolis - MT.', 'municipal', 'Urbana'),
  ('COLEGIO ADVENTISTA DE RONDONOPOLIS', 'RUA AFONSO PENA, 806 FRENTE GERA MEDICINA, CENTRO, 78700-070 Rondonópolis - MT.', 'privada', 'Urbana'),
  ('COLEGIO BATISTA DE RONDONOPOLIS', 'RUA PARAIBU, 76 AV. QUAIRA J, JARDIM ATLANTICO, 78735-727 Rondonópolis - MT.', 'privada', 'Urbana'),
  ('COLEGIO DOM BOSCO', 'RUA DOZE/LINHARES/SA, 4221 LOTEAMENTO MONTE LIBANO, 78710-245 Rondonópolis - MT.', 'privada', 'Urbana'),
  ('COLEGIO LEIBNIZ', 'AVENIDA PAULISTA, 720 QUADRA 30 LOTE 5A, PARQUE SAGRADA FAMILIA, 78735-217 Rondonópolis - MT.', 'privada', 'Urbana'),
  ('COLEGIO SAO LEAO MAGNO', 'sem dados de endereço', 'privada', 'Urbana'),
  ('COLEGIO TOYS E KIDS', 'AVENIDA PADRE ANCHIETA, 1643 VILA AURORA II, 78740-106 Rondonópolis - MT.', 'privada', 'Urbana'),
  ('COOPERATIVA DE ENSINO ALVARES CABRAL', 'RUA FLORIANO PEIXOTO, 865 CENTRO, 78700-040 Rondonópolis - MT.', 'privada', 'Urbana'),
  ('EDUCAR INSTITUTO DE ENSINO', 'AVENIDA FILINTO MULLER, 1041 VILA OPERARIA, 78720-605 Rondonópolis - MT.', 'privada', 'Urbana'),
  ('EE 7 DE SETEMBRO', 'RUA EMILIO GESTA PRADO, 270 NOVA GALILEIA, 78754-000 Rondonópolis - MT.', 'estadual', 'Urbana'),
  ('EE ADOLFO AUGUSTO DE MORAES', 'AVENIDA PADRE ANCHIETA, 937 VILA AURORA I, 78740-031 Rondonópolis - MT.', 'estadual', 'Urbana'),
  ('EE ANDRE ANTONIO MAGGI', 'AVENIDA ROTARY INTERNACIONAL, 1086 NUCLEO HABITACIONAL PARTICIPACAO, 78714-034 Rondonópolis - MT.', 'estadual', 'Urbana'),
  ('EE ANTONIO G BALBINO', 'RUA RIO BRANCO, 2819 JARDIM GUANABARA, 78710-100 Rondonópolis - MT.', 'estadual', 'Urbana'),
  ('EE D WUNIBALDO TALLEUR', 'RUA JOAO PAULO LOPES, 455 JARDIM BRASILIA, 78700-650 Rondonópolis - MT.', 'estadual', 'Urbana'),
  ('EE DANIEL MARTINS MOURA', 'AVENIDA DEPUTADO EMANUEL PINHEIRO, 2700 JARDIM MODELO - DISTRITO DE V OPERARIA, 78720-400', 'estadual', 'Urbana'),
  ('EE DOMINGOS APARECIDO DOS SANTOS', 'RUA CLAUDIA ANA DUARTE AQUINO, SN NUCLEO HABITACIONAL SAO JOSE II, 78715-437 Rondonópolis - MT.', 'estadual', 'Urbana'),
  ('EE EMANUEL PINHEIRO', 'RUA 13 DE MAIO, 1037 CENTRO, 78700-160 Rondonópolis - MT.', 'estadual', 'Urbana'),
  ('EE FRANCISCA BARROS DE CARVALHO', 'AVENIDA HYLTON JOSE FRANCISCO DA SILVA, 1 VILA OLINDA II, 78750-336 Rondonópolis - MT.', 'estadual', 'Urbana'),
  ('EE JOAQUIM NUNES ROCHA', 'AVENIDA BAHIA, 764 VILA SALMEN, 78705-090 Rondonópolis - MT.', 'estadual', 'Urbana'),
  ('EE JOSE MORAES', 'RUA HAROLDA DUETTI SILVA, 244 JARDIM PRIMAVERA, 78725-300 Rondonópolis - MT.', 'estadual', 'Urbana'),
  ('EE JOSE RODRIGUES DOS SANTOS', 'RUA SANTA CATARINA, SN DISTRITO DE BOA VISTA, 78752-000 Rondonópolis - MT.', 'estadual', 'Rural'),
  ('EE JOSE SALMEN HANZE', 'RUA MASCARENHAS DE MORAES, 764 VILA SALMEN, 78705-200 Rondonópolis - MT.', 'estadual', 'Urbana'),
  ('EE LA SALLE', 'RUA 13 DE MAIO, 1099 LA SALLE, 78710-080 Rondonópolis - MT.', 'estadual', 'Urbana'),
  ('EE LUCAS PACHECO DE CAMARGO', 'RUA E, 1 JARDIM VERA CRUZ, 78715-350 Rondonópolis - MT.', 'estadual', 'Urbana'),
  ('EE MAJOR OTAVIO PITALUGA', 'AV AMAZONAS, 789 CENTRO, 78700-050 Rondonópolis - MT.', 'estadual', 'Urbana'),
  ('EE MARECHAL DUTRA', 'RUA AFONSO PENA, 695 CENTRO, 78700-070 Rondonópolis - MT.', 'estadual', 'Urbana'),
  ('EE MARIA DE LIMA CADIDE', 'AVENIDA SAO JOAO, 1177 VILA OPERARIA, 78720-390 Rondonópolis - MT.', 'estadual', 'Urbana'),
  ('EE MILITAR TIRADENTES MAJOR PM ERNESTINO VERISSIMO DA SILVA', 'sem dados de endereço', 'estadual', 'Urbana'),
  ('EE PINDORAMA', 'RUA AUGUSTO DE MORAES, 0 SANTA CRUZ, 78710-790 Rondonópolis - MT.', 'estadual', 'Urbana'),
  ('EE PROF AMELIA DE OLIVEIRA SILVA', 'RUA CARMEM LIRA DA SIVA QD 67, 267 RESIDENCIAL PARQUE UNIVERSITARIO, 78750-140 Rondonópolis - MT.', 'estadual', 'Urbana'),
  ('EE PROF CARLOS PEREIRA BARBOSA', 'AVENIDA DAS ARARAS, 323 JARDIM EUROPA, 78735-808 Rondonópolis - MT.', 'estadual', 'Urbana'),
  ('EE PROF EUNICE SOUZA DOS SANTOS', 'RUA DOM PEDRO II, 4154 MONTE LIBANO, 78710-230 Rondonópolis - MT.', 'estadual', 'Urbana'),
  ('EE PROF MARIA ELZA FERREIRA INACIO', 'RUA AIRTON A SANTANA, SN RESIDENCIAL MARECHAL RONDON, 78715-570 Rondonópolis - MT.', 'estadual', 'Urbana'),
  ('EE PROF RENILDA SILVA MORAES', 'RUA JACARANDAS, SN COOPHAILS, 78700-002 Rondonópolis - MT.', 'estadual', 'Urbana'),
  ('EE PROF ELIZABETH DE FREITAS MAGALHAES', 'RUA CARLOS PEREIRA BARBOSA, 68 JARDIM ATLANTICO, 78735-808 Rondonópolis - MT.', 'estadual', 'Urbana'),
  ('EE PROFESSORA EDITH PEREIRA BARBOSA', 'RUA CATORZE/ AV 16 TRAVESSA COM RUA 03, SN SOBRADO, RESIDENCIAL SITIO FARIAS, 78736-520', 'estadual', 'Urbana'),
  ('EE PROFESSORA STELA MARIS VALERIANO DA SILVA', 'RUA SITIO CACHOEIRINHA ESQ C/RUA QUERUBIM MARCHETTI, SN LOTEAMENTO CARLOS BEZERRA II, 78717-535', 'estadual', 'Urbana'),
  ('EE RAMIRO BERNARDO DA SILVA', 'RUA LUIZ GULHERTE, 1 JARDIM PINDORAMA, 78710-480 Rondonópolis - MT.', 'estadual', 'Urbana'),
  ('EE SAGRADO CORACAO DE JESUS', 'AVENIDA CUIABA, 1073 CENTRO, 78700-090 Rondonópolis - MT.', 'estadual', 'Urbana'),
  ('EE SANTO ANTONIO', 'RUA FRANCISCO FELIX, 274 VILA SANTO ANTONIO, 78700-499 Rondonópolis - MT.', 'estadual', 'Urbana'),
  ('EE SAO JOSE OPERARIO', 'AVENIDA BANDEIRANTES, 1490 VILA OPERARIA, 78720-587 Rondonópolis - MT.', 'estadual', 'Urbana'),
  ('EE SEBASTIANA R DE SOUZA', 'AVENIDA MARIANA LEITE DE SOUZA, 799 JARDIM SUMARE, 78725-560 Rondonópolis - MT.', 'estadual', 'Urbana'),
  ('EE SILVESTRE GOMES JARDIM', 'RUA PRESIDENTE COSTA E SILVA, 1365 VILA MARIANA, 78714-265 Rondonópolis - MT.', 'estadual', 'Urbana'),
  ('EEDIEB PROF ALFREDO MARIEN', 'AVENIDA CUIABA, 850 - CENTRO CEP: 78700090', 'estadual', 'Urbana'),
  ('EM ALFREDO DE CASTRO ARAUJO', 'RUA I, LOTE 2 QUADRA 24, 02 JARDIM MARIA TEREZA, 78700-002 Rondonópolis - MT.', 'municipal', 'Urbana'),
  ('EM APARECIDA DE SOUZA VITORASSO', 'R B QUADRA 01, SN VERDE TETO, 78700-002 Rondonópolis - MT.', 'municipal', 'Urbana'),
  ('EMEB 1 DE MAIO', 'R DAS GARCAS, 888 PARQUE UNIVERSITARIO, 78750-210 Rondonópolis - MT.', 'municipal', 'Urbana'),
  ('EMEB BERNARDO VENANCIO DE CARVALHO', 'AV ALBERTO SADOL, 921 JD LIBERDADE, 78700-002 Rondonópolis - MT.', 'municipal', 'Urbana'),
  ('EMEB CELSON ANTONIO DE CARVALHO', 'RUA UM, 3105 - RESIDENCIAL ALFREDO DE CASTRO CEP: 78731250', 'municipal', 'Urbana'),
  ('EMEB FREI MILTON MARQUES DA SILVA', 'R SABARA, 588 VILA RICA, 78700-002 Rondonópolis - MT.', 'municipal', 'Urbana'),
  ('EMEB PROF EVANIA RODRIGUES DA SILVA', 'RUA BELEM, 1401 JARDIM TROPICAL, 78715-180 Rondonópolis - MT.', 'municipal', 'Urbana'),
  ('EMEB PROF GILDAZIA DE SOUZA PIROZZI', 'RUA SAO FRANCISCO, 678 JARDIM IPANEMA, 78745-100 Rondonópolis - MT.', 'municipal', 'Urbana'),
  ('EMEB PROFESSORA DULCINEIA CASCAO BARBOSA', 'R07 QUADRA 24, SN SERRA DOURADA, 78700-002 Rondonópolis - MT.', 'municipal', 'Urbana'),
  ('EMEF ALBINO SALDANHA DANTAS', 'R ALMIRANTE TAMANDARE, 1870 VL GOULART, 78700-002 Rondonópolis - MT.', 'municipal', 'Urbana'),
  ('EMEF ALCIDES PEREIRA DOS SANTOS', 'AV SAO JOAO, SN JOAO DE BARRO, 78700-002 Rondonópolis - MT.', 'municipal', 'Urbana'),
  ('EMEF ARNO GOMES BEZERRA', 'R RONDONOPOLIS, SN JARDIM ITAPUA, 78725-500 Rondonópolis - MT.', 'municipal', 'Urbana'),
  ('EMEF BONIFACIO SACHETTI', 'R 12, 144 PARQUE SAO JORGE, 78700-002 Rondonópolis - MT.', 'municipal', 'Urbana'),
  ('EMEF DANIEL PAULISTA CAMPOS', 'AVENIDA C, 06 RES MARGARIDA, 78734-275 Rondonópolis - MT.', 'municipal', 'Urbana'),
  ('EMEF EDIVALDO ZULLIANI BELO', 'AV DELFINA G SOARES, SN JD PARTICIPACAO II, 78700-002 Rondonópolis - MT.', 'municipal', 'Urbana'),
  ('EMEF FIRMICIO ALVES BARRETO', 'R A 3, SN VL OLINDA I, 78700-002 Rondonópolis - MT.', 'municipal', 'Urbana'),
  ('EMEF IRMA ELZA GEOVANELA', 'R DULCINEIA CASCAO BARBOSA, SN RES VL MINEIRA, 78700-002 Rondonópolis - MT.', 'municipal', 'Urbana'),
  ('EMEF JOSE ANTONIO DA SILVA', 'R PAPA JOAO XXIII, 1319 VL CARDOSO, 78730-103 Rondonópolis - MT.', 'municipal', 'Urbana'),
  ('EMEF MARIO DE ANDRADE', 'RUA PATRIA, 915 VILA VERDE, 78700-002 Rondonópolis - MT.', 'municipal', 'Urbana'),
  ('EMEF MELCHIADES FIGUEIREDO MIRANDA', 'VL ARUNHO, SN PEDRA 90, 78700-002 Rondonópolis - MT.', 'municipal', 'Urbana'),
  ('EMEF NOSSA SENHORA APARECIDA', 'R TEOFILO FRANCISCO DA CRUZ, 215 VL CANAA, 78700-002 Rondonópolis - MT.', 'municipal', 'Urbana'),
  ('EMEF PRINCESA ISABEL', 'RUA WEIDSNEY CARLOS ARRUDA, SN JARDIM DAS FLORES, 78725-045 Rondonópolis - MT.', 'municipal', 'Urbana'),
  ('EMEF RURAL FAZENDA CARIMA', 'FAZENDA CARIMA, SN GLEBA UNIAO, 78700-002 Rondonópolis - MT.', 'municipal', 'Rural'),
  ('EMEF TANCREDO DE ALMEIDA NEVES', 'R RERE, 4244 JD TANCREDO NEVES, 78700-002 Rondonópolis - MT.', 'municipal', 'Urbana'),
  ('EMEF VILA PAULISTA', 'R BENVINDO MIRANDA, 954 VILA PAULISTA, 78700-002 Rondonópolis - MT.', 'municipal', 'Urbana'),
  ('EMEF VILA ROSELY', 'R A QUADRA 01, SN JARDIM MORUMBI, 78700-002 Rondonópolis - MT.', 'municipal', 'Urbana'),
  ('EMEI LEOSIDIO FERMAU', 'RUA 13 DE MAIO, SN VILA N GALILEIA, 78700-002 Rondonópolis - MT.', 'municipal', 'Urbana'),
  ('EMEI POBORE', 'ALDEIA POBORE, SN ALDEIA POBORE, 78700-002 Rondonópolis - MT.', 'municipal', 'Rural'),
  ('EMEI TORIBUGO ARUA', 'ALDEIA POBORE ROD MT 130, SN ALDEIA POBORE, 78700-002 Rondonópolis - MT.', 'municipal', 'Rural'),
  ('EMEFR GLEBA DOM BOSCO', 'ROD MT 270 KM 06, SN VIA GUIRATINGA, 78700-002 Rondonópolis - MT.', 'municipal', 'Rural'),
  ('EMEI AGTON KAYRO LEITE DOS SANTOS', 'RES ALTAMIRANDO, SN RES ALTAMIRANDO, 78700-002 Rondonópolis - MT.', 'municipal', 'Urbana'),
  ('EMEI CORA CORALINA', 'R 05, 963 PARQUE SAO JORGE, 78700-002 Rondonópolis - MT.', 'municipal', 'Urbana'),
  ('EMEI ELAINE APARECIDA DE OLIVEIRA LOPES', 'R STEFANO ANTONIO STRATIS, 2227 JARDIM TROPICAL, 78715-190 Rondonópolis - MT.', 'municipal', 'Urbana'),
  ('EMEI ELY CARLOS SILVA NUNES', 'R 13 Q 50, 11 VL OSORIO L, 78700-002 Rondonópolis - MT.', 'municipal', 'Urbana'),
  ('EMEI MACHADO DE ASSIS', 'R DOS JORNALISTAS, SN JD BELA VISTA, 78700-002 Rondonópolis - MT.', 'municipal', 'Urbana'),
  ('EMEI MATEUS VINICIUS BRAZ', 'R BARAO DE JUNDIAI, SN JD PAULISTA, 78700-002 Rondonópolis - MT.', 'municipal', 'Urbana'),
  ('EMEI RUBENS ALVES DE SOUZA', 'AV JOSE DE ASSIS N500 QUADRA 08, SN JUBELO PANORAMA, 78700-002 Rondonópolis - MT.', 'municipal', 'Urbana'),
  ('EMEI SELMA DOHO', 'NOVA GALILEIA, SN ZONA RURAL, 78700-002 Rondonópolis - MT.', 'municipal', 'Rural'),
  ('EMEF ROSALINO ANTONIO DA SILVA', 'R CANINDE, 1075 JARDIM IGUASSU, 78700-002 Rondonópolis - MT.', 'municipal', 'Urbana'),
  ('EMPG GISELIO DA NOBREGA', 'R DA MADEIRA, 888 VL RACHID J MAMED, 78700-002 Rondonópolis - MT.', 'municipal', 'Urbana'),
  ('EMR 14 DE AGOSTO', 'ROD DO ANEL VIARIO MT 130 KM 07, SN ASS MENDE, 78700-002 Rondonópolis - MT.', 'municipal', 'Rural'),
  ('EMR DERSI RODRIGUES DE ALMEIDA', 'LINHA 04 ESQ, R 46 E 87, SN GLEBA RIO VERMELHO, 78700-002 Rondonópolis - MT.', 'municipal', 'Rural'),
  ('EMR MARAJA', 'ROD BR 163 KM 14, SN VIA MARAJA, 78700-002 Rondonópolis - MT.', 'municipal', 'Rural'),
  ('EMR PADRE DIONISIO KUDUAVICZ', 'ROD MT 130 KM 43, SN VIA RIO AREIA, 78700-002 Rondonópolis - MT.', 'municipal', 'Rural'),
  ('EMR RUI BARBOSA', 'ROD BR 163, SN VIA CANGUCU, 78700-002 Rondonópolis - MT.', 'municipal', 'Rural'),
  ('EMR SAO DOMINGOS SAVIO', 'AV 4, SN VILA NABOREIRO, 78700-002 Rondonópolis - MT.', 'municipal', 'Rural'),
  ('EMPG FAZENDA FARIAS', 'sem dados de endereço', 'municipal', 'Rural'),
  ('ESCOLA CENECISTA 13 DE JUNHO', 'AVENIDA SOTHERO SILVA, 429 ESCOLA, VILA AURORA I, 78740-018 Rondonópolis - MT.', 'privada', 'Urbana'),
  ('ESCOLA CENTRO EDUCATIVO SAGRADA FAMILIA', 'sem dados de endereço', 'privada', 'Urbana'),
  ('ESCOLA DE EDUCACAO BASICA PADRE JOAO PAULO NOLLI', 'sem dados de endereço', 'municipal', 'Urbana'),
  ('ESCOLA DE EDUCACAO BASICA SESC ESCOLA RONDONOPOLIS', 'ALAMEDA DOS CRAVOS, COLINA VERDE, 78740-410 Rondonópolis - MT.', 'privada', 'Urbana'),
  ('ESCOLA DE ENSINO SAO MATEUS', 'RUA BELARMINO FERREIRA DE ALMEIDA, 144 JARDIM CUIABA, 78705-060 Rondonópolis - MT.', 'privada', 'Urbana'),
  ('ESCOLA EDUCATENTER CENTRO DE ENSINO', 'AVENIDA RAIMUNDO DE MATOS, s/n - CENTRO A CEP: 78700350', 'privada', 'Urbana'),
  ('ESCOLA EDUCACIONAL CRIANCA E CIA', 'sem dados de endereço', 'privada', 'Urbana'),
  ('ESCOLA ESTADUAL ODORICO LEOCADIO DA ROSA', 'RUA RIO GRANDE DO SUL, 2640 JARDIM BELO HORIZONTE, 78705-570 Rondonópolis - MT.', 'estadual', 'Urbana'),
  ('ESCOLA ESTRUTURALISTA', 'AVENIDA DOM OSORIO, 784 SANTA CRUZ, 78710-720 Rondonópolis - MT.', 'privada', 'Urbana'),
  ('ESCOLA MUNICIPAL DE EDUCACAO BASICA PROFESSORA MARISA DE OLIVEIRA', 'AVENIDA DE OLIVEIRA', 'municipal', 'Urbana'),
  ('ESCOLA PARTICULAR CECILIA MEIRELES', 'RUA JERONIMO LOPES ESTEVES, 434 JARDIM PAULISTA, 78705-190 Rondonópolis - MT.', 'privada', 'Urbana'),
  ('ESCOLA TECNICA ESTADUAL DE RONDONOPOLIS SECITEC MT', 'sem dados de endereço', 'estadual', 'Urbana'),
  ('IFMT - CAMPUS RONDONOPOLIS', 'RUA ANANIAS MARTINS DE SOUZA, 861 RESIDENCIAL VILA MINEIRA, 78721-520 Rondonópolis - MT.', 'federal', 'Urbana'),
  ('LAR SAO DOMINGOS SAVIO', 'AV 03 VILA N NABOREIRO, 78700-050 Rondonópolis - MT.', 'municipal', 'Rural'),
  ('SENAI - RONDONOPOLIS', 'AVENIDA ADONAI REIS JESUS RIBEIRO, 3147 PARQUE UNIVERSITARIO, 78750-340 Rondonópolis - MT.', 'privada', 'Urbana'),
  ('SERVICO NACIONAL DE APRENDIZAGEM COMERCIAL - RONDONOPOLIS', 'AVENIDA PONTA PORA, 565 JARDIM MATO GROSSO, 78740-378 Rondonópolis - MT.', 'privada', 'Urbana'),
  ('UEDE - UNIDADE EDUCACIONAL DE DESENVOLVIMENTO', 'RUA OTAVIO PITALUGA, 751 VILA AURORA I, 78740-011 Rondonópolis - MT.', 'privada', 'Urbana'),
  ('UMEI CHARMENE ROSA DA SILVA', 'R GETULIO VARGAS, SN JARDIM NILMARA, 78720-574 Rondonópolis - MT.', 'municipal', 'Urbana'),
  ('UMEI GABRIEL DE OLIVEIRA DIAS', 'R RADIALISTA APARECIDO NETO, 123 V PLANALTO, 78710-650 Rondonópolis - MT.', 'municipal', 'Urbana'),
  ('UMEI JESSICA ADRIANA FERREIRA LIMA', 'R 15 VL OLINDA, SN JARDIM ATLANTICO, 78700-002 Rondonópolis - MT.', 'municipal', 'Urbana'),
  ('UMEI JOAO DE PAULA MENDONCA DE SOUZA', 'AV JOSE AGOSTINHO, 875 CONJ S JOSE I, 78700-002 Rondonópolis - MT.', 'municipal', 'Urbana'),
  ('UMEI JONAS NUNES CAVALCANTE', 'AV RAIMUNDO DE MATOS, 1686 CENTRO, 78700-350 Rondonópolis - MT.', 'municipal', 'Urbana'),
  ('UMEI JOSE DOS REIS SALES', 'PARQUE SAO JORGE, SN PARQUE SAO JORGE, 78700-002 Rondonópolis - MT.', 'municipal', 'Urbana'),
  ('UMEI LUIZ HENRIQUE DIAS BULHOES', 'TRAV OSEIAS DOMINGOS DE FREITAS, SN JD PARTICIPACAO II, 78700-002 Rondonópolis - MT.', 'municipal', 'Urbana'),
  ('UMEI MARCIA GLEIBE RIBEIRO CLARA SOUTO', 'JARDIM LIBERDADE, SN JARDIM LIBERDADE, 78700-002 Rondonópolis - MT.', 'municipal', 'Urbana'),
  ('UMEI MONTEIRO LOBATO', 'R BELEM, 1401 JD GRAMADO, 78700-002 Rondonópolis - MT.', 'municipal', 'Urbana'),
  ('UMEI NATALIA MAXIMO LIMA', 'AVENIDA B, SN JARDIM MORUMBI, 78700-002 Rondonópolis - MT.', 'municipal', 'Urbana'),
  ('UMEI PEQUENOS BRILHANTES', 'R CAMILO, SN CIDADE ALTA, 78700-002 Rondonópolis - MT.', 'municipal', 'Urbana'),
  ('UMEI PROFESSORA IVAN SANTOS ARRUDA', 'R DAS GARCAS, SN PQ UNIVERSITARIO, 78700-002 Rondonópolis - MT.', 'municipal', 'Urbana'),
  ('YPY EDUCACIONAL - CONHECIMENTO CIENTIFICO GLOBALIZADO', 'AVENIDA BENEVIDES DE FREITAS, 223 - VILA AURORA II CEP: 78740100', 'privada', 'Urbana')
)
INSERT INTO public.escolas_instituicoes (
  nome_escola,
  endereco,
  localizacao,
  rede_publica,
  rede_municipal,
  rede_estadual,
  rede_federal,
  rede_particular
)
SELECT
  nome,
  endereco,
  localizacao,
  CASE WHEN rede = 'privada' THEN FALSE ELSE TRUE END,
  CASE WHEN rede = 'municipal' THEN TRUE ELSE FALSE END,
  CASE WHEN rede = 'estadual' THEN TRUE ELSE FALSE END,
  CASE WHEN rede = 'federal' THEN TRUE ELSE FALSE END,
  CASE WHEN rede = 'privada' THEN TRUE ELSE FALSE END
FROM data
ON CONFLICT (nome_escola) DO NOTHING;
